City_ID,City,Country,Date,Lat,Lng,Max Temp,Humidity,Cloudiness,Wind Speed
0,Mahebourg,MU,2021-10-30 18:17:01,-20.4081,57.7,72.25,75,43,7.38
1,Goderich,CA,2021-10-30 18:17:22,43.7501,-81.7165,50.92,91,100,12.91
2,Hithadhoo,MV,2021-10-30 18:17:23,-0.6,73.0833,83.28,74,66,17.18
3,Mount Gambier,AU,2021-10-30 18:17:24,-37.8333,140.7667,40.84,97,13,4.43
4,Padang,ID,2021-10-30 18:17:24,-0.9492,100.3543,78.04,90,100,4.29
5,Mataura,NZ,2021-10-30 18:17:25,-46.1927,168.8643,47.46,69,32,3.85
6,Namibe,AO,2021-10-30 18:17:25,-15.1961,12.1522,67.95,77,81,8.86
7,Minab,IR,2021-10-30 18:17:26,27.1467,57.0801,83.03,31,0,2.82
8,Hilo,US,2021-10-30 18:13:04,19.7297,-155.09,76.12,67,1,6.91
9,Sardinia,GR,2021-10-30 18:17:27,38.8833,21.2,61.72,70,0,5.35
10,Busselton,AU,2021-10-30 18:17:15,-33.65,115.3333,45.05,90,35,6.87
11,Rocha,UY,2021-10-30 18:17:27,-34.4833,-54.3333,73.78,70,99,9.62
12,Roebourne,AU,2021-10-30 18:17:28,-20.7833,117.1333,72.68,68,0,8.52
13,Rikitea,PF,2021-10-30 18:15:15,-23.1203,-134.9692,74.77,85,86,21.7
14,Kapaa,US,2021-10-30 18:15:30,22.0752,-159.319,75.18,100,1,6.91
15,Varkaus,FI,2021-10-30 18:17:29,62.3153,27.873,44.31,95,82,7.2
16,Mutoko,ZW,2021-10-30 18:17:29,-17.397,32.2268,74.97,33,65,7.31
17,Umm Lajj,SA,2021-10-30 18:17:30,25.0213,37.2685,83.57,53,6,10.56
18,Qaanaaq,GL,2021-10-30 18:17:30,77.484,-69.3632,2.53,51,0,8.25
19,Mindelo,CV,2021-10-30 18:17:31,16.8901,-24.9804,75.09,81,100,15.82
20,Estelle,US,2021-10-30 18:17:32,29.8458,-90.1067,66.99,60,13,5.99
21,Saint-Philippe,RE,2021-10-30 18:17:32,-21.3585,55.7679,71.19,80,75,3.31
22,Ushuaia,AR,2021-10-30 18:14:26,-54.8,-68.3,49.66,53,0,18.41
23,Kutum,SD,2021-10-30 18:17:33,14.2,24.6667,79.39,14,16,5.64
24,Camocim,BR,2021-10-30 18:17:33,-2.9022,-40.8411,86.0,61,60,13.56
25,Tsiroanomandidy,MG,2021-10-30 18:17:34,-18.7667,46.0333,75.0,42,17,5.77
26,Hamilton,US,2021-10-30 18:14:03,39.1834,-84.5333,57.04,95,100,1.99
27,Twin Falls,US,2021-10-30 18:17:35,42.3505,-114.6445,45.3,64,97,4.25
28,Bethel,US,2021-10-30 18:17:36,41.3712,-73.414,64.38,93,97,9.62
29,Mitu,CO,2021-10-30 18:17:36,1.1983,-70.1733,83.88,72,91,2.17
30,Albany,US,2021-10-30 18:17:36,42.6001,-73.9662,56.08,93,99,7.99
31,Solnechnyy,RU,2021-10-30 18:17:37,50.7214,136.6319,27.18,79,100,8.46
32,General Pico,AR,2021-10-30 18:17:37,-35.6566,-63.7568,89.01,31,63,21.83
33,Bambous Virieux,MU,2021-10-30 18:17:38,-20.3428,57.7575,72.21,76,58,7.87
34,Bosaso,SO,2021-10-30 18:17:38,11.2842,49.1816,82.65,69,6,12.24
35,Anadyr,RU,2021-10-30 18:17:39,64.75,177.4833,3.0,84,100,13.0
36,Ekuvukeni,ZA,2021-10-30 18:17:39,-28.4675,30.1551,59.13,66,91,2.98
37,Kruisfontein,ZA,2021-10-30 18:17:40,-34.0033,24.7314,58.89,92,1,3.36
38,Lorengau,PG,2021-10-30 18:17:08,-2.0226,147.2712,81.55,79,83,6.26
39,Yellowknife,CA,2021-10-30 18:17:40,62.456,-114.3525,30.42,89,40,5.99
40,Avarua,CK,2021-10-30 18:13:07,-21.2078,-159.775,73.45,68,20,13.8
41,Urubicha,BO,2021-10-30 18:17:41,-15.3833,-62.95,100.44,25,64,4.38
42,Cherskiy,RU,2021-10-30 18:17:41,68.75,161.3,-1.05,98,100,5.14
43,Pacific Grove,US,2021-10-30 18:13:50,36.6177,-121.9166,66.56,89,1,5.01
44,Ponta Delgada,PT,2021-10-30 18:17:42,37.7333,-25.6667,74.5,91,93,19.86
45,Guerrero Negro,MX,2021-10-30 18:17:42,27.9769,-114.0611,73.81,54,0,7.25
46,Cuamba,MZ,2021-10-30 18:17:43,-14.8031,36.5372,81.23,29,6,3.31
47,Locri,IT,2021-10-30 18:17:44,38.2414,16.2623,66.78,89,100,3.8
48,Punta Arenas,CL,2021-10-30 18:17:44,-53.15,-70.9167,53.11,40,36,4.65
49,Egvekinot,RU,2021-10-30 18:18:00,66.3167,-179.1667,-0.94,87,97,9.95
50,Souillac,MU,2021-10-30 18:17:54,-20.5167,57.5167,72.36,76,12,5.28
51,Castro,BR,2021-10-30 18:13:42,-24.7911,-50.0119,71.35,75,51,7.9
52,Upernavik,GL,2021-10-30 18:18:00,72.7868,-56.1549,25.79,57,100,8.12
53,Coihaique,CL,2021-10-30 18:18:01,-45.5752,-72.0662,57.81,30,1,7.18
54,Chapais,CA,2021-10-30 18:18:02,49.7834,-74.8492,50.14,45,100,8.12
55,Villablino,ES,2021-10-30 18:18:02,42.9393,-6.3194,54.39,91,100,4.59
56,Cape Town,ZA,2021-10-30 18:13:37,-33.9258,18.4232,64.11,77,67,11.77
57,Vila Velha,BR,2021-10-30 18:16:37,-20.3297,-40.2925,72.46,90,99,4.09
58,Norashen,AM,2021-10-30 18:18:03,39.9996,44.5895,49.53,76,99,3.38
59,Sao Francisco Do Sul,BR,2021-10-30 18:18:03,-26.2433,-48.6381,76.1,96,100,5.41
60,Ostrovnoy,RU,2021-10-30 18:18:04,68.0531,39.5131,33.08,86,100,11.83
61,San Matias,BO,2021-10-30 18:18:04,-16.3667,-58.4,101.43,27,74,3.94
62,Urengoy,RU,2021-10-30 18:18:05,65.9667,78.3667,10.78,94,99,13.13
63,Aykhal,RU,2021-10-30 18:18:06,66.0,111.5,14.29,99,100,6.85
64,Carnarvon,AU,2021-10-30 18:18:06,-24.8667,113.6333,68.07,64,0,14.97
65,Calama,CL,2021-10-30 18:18:07,-22.4667,-68.9333,77.97,7,0,17.83
66,Nanortalik,GL,2021-10-30 18:18:07,60.1432,-45.2371,35.01,73,28,3.15
67,Butaritari,KI,2021-10-30 18:14:22,3.0707,172.7902,81.88,73,83,6.04
68,Dikson,RU,2021-10-30 18:16:43,73.5069,80.5464,7.11,92,100,17.05
69,Mailsi,PK,2021-10-30 18:18:08,29.8003,72.1758,73.08,20,0,3.76
70,Bredasdorp,ZA,2021-10-30 18:15:29,-34.5322,20.0403,59.95,88,35,6.33
71,Okahandja,NA,2021-10-30 18:18:09,-21.9833,16.9167,79.11,14,0,18.01
72,Hobart,AU,2021-10-30 18:14:04,-42.8794,147.3294,52.27,69,75,3.0
73,Hue,VN,2021-10-30 18:18:10,16.4667,107.6,74.17,95,65,2.64
74,Alice Springs,AU,2021-10-30 18:18:10,-23.7,133.8833,64.51,47,100,16.13
75,Saint George,US,2021-10-30 18:15:33,37.1041,-113.5841,77.47,27,8,3.11
76,Urumqi,CN,2021-10-30 18:18:10,43.801,87.6005,46.76,59,100,1.79
77,Saint-Pierre,RE,2021-10-30 18:18:11,-21.3393,55.4781,71.28,80,0,5.75
78,Kijang,KR,2021-10-30 18:17:11,35.2442,129.2139,51.53,68,4,5.3
79,Faanui,PF,2021-10-30 18:15:26,-16.4833,-151.75,78.35,68,20,17.34
80,Ust-Maya,RU,2021-10-30 18:18:11,60.4167,134.5333,-5.35,100,39,1.86
81,New Norfolk,AU,2021-10-30 18:18:12,-42.7826,147.0587,51.93,52,74,3.74
82,Lompoc,US,2021-10-30 18:13:24,34.6391,-120.4579,64.11,71,60,8.46
83,Aswan,EG,2021-10-30 18:18:13,24.0934,32.907,88.97,21,95,8.3
84,Itoman,JP,2021-10-30 18:18:13,26.1247,127.6694,73.47,68,7,10.16
85,Aiton,RO,2021-10-30 18:18:14,46.6833,23.7333,39.07,81,0,0.0
86,Saldanha,ZA,2021-10-30 18:14:43,-33.0117,17.9442,62.11,85,61,16.58
87,Linxia,CN,2021-10-30 18:18:14,35.6003,103.2064,40.96,82,100,2.59
88,Barcelos,PT,2021-10-30 18:18:15,41.5388,-8.6151,64.08,93,94,4.83
89,Bakchar,RU,2021-10-30 18:18:15,57.0186,82.0711,26.28,53,100,8.3
90,Qena,EG,2021-10-30 18:18:16,26.1615,32.7183,84.6,22,86,5.37
91,Axim,GH,2021-10-30 18:18:16,4.8699,-2.2405,79.45,83,94,9.62
92,Hasaki,JP,2021-10-30 18:13:42,35.7333,140.8333,65.21,60,48,6.04
93,San Patricio,US,2021-10-30 18:18:17,28.017,-97.5169,82.06,18,0,3.18
94,Ordynskoye,RU,2021-10-30 18:18:33,54.3656,81.8994,27.52,47,98,8.12
95,Ilulissat,GL,2021-10-30 18:18:21,69.2167,-51.1,30.94,88,100,5.84
96,Chongwe,ZM,2021-10-30 18:18:33,-15.3292,28.682,77.83,34,75,3.8
97,Vostok,RU,2021-10-30 18:18:34,46.4856,135.8833,33.48,77,100,2.42
98,Nome,US,2021-10-30 18:18:34,64.5011,-165.4064,8.67,78,1,0.0
99,Port Alfred,ZA,2021-10-30 18:17:31,-33.5906,26.891,63.93,91,11,9.08
100,Gangapur,IN,2021-10-30 18:18:35,26.4833,76.7167,70.88,40,0,0.78
101,Nemuro,JP,2021-10-30 18:18:35,43.3236,145.575,48.34,75,36,11.7
102,Kaitangata,NZ,2021-10-30 18:18:36,-46.2817,169.8464,47.41,85,70,2.93
103,Hermanus,ZA,2021-10-30 18:18:37,-34.4187,19.2345,61.81,82,48,10.47
104,Shush,IR,2021-10-30 18:18:37,32.1942,48.2436,81.97,28,90,7.11
105,Krasnoselkup,RU,2021-10-30 18:18:38,65.7,82.4667,12.78,96,92,6.6
106,Faya,SA,2021-10-30 18:18:38,18.3851,42.4509,64.92,37,41,9.71
107,Cidreira,BR,2021-10-30 18:18:39,-30.1811,-50.2056,70.68,79,81,22.91
108,Longyearbyen,SJ,2021-10-30 18:18:13,78.2186,15.6401,16.99,83,42,4.12
109,Vaini,TO,2021-10-30 18:18:39,-21.2,-175.2,75.18,74,11,13.38
110,Airai,TL,2021-10-30 18:18:40,-8.9266,125.4092,62.46,91,99,0.67
111,Geraldton,AU,2021-10-30 18:18:40,-28.7667,114.6,54.01,82,0,8.05
112,Puerto Ayora,EC,2021-10-30 18:18:41,-0.7393,-90.3518,72.79,79,71,8.86
113,Saskylakh,RU,2021-10-30 18:18:42,71.9167,114.0833,8.91,92,100,10.89
114,Cabedelo,BR,2021-10-30 18:18:42,-6.9811,-34.8339,84.87,61,5,14.94
115,Tuktoyaktuk,CA,2021-10-30 18:17:00,69.4541,-133.0374,17.6,93,75,8.05
116,Koslan,RU,2021-10-30 18:15:21,63.4564,48.8989,29.68,97,99,4.25
117,Atuona,PF,2021-10-30 18:18:43,-9.8,-139.0333,77.59,70,22,18.7
118,North Bend,US,2021-10-30 18:18:43,43.4065,-124.2243,57.92,87,99,4.34
119,Pasni,PK,2021-10-30 18:18:44,25.2631,63.471,81.21,52,2,7.34
120,Bluff,NZ,2021-10-30 18:15:28,-46.6,168.3333,53.69,62,21,18.57
121,Nizhnyaya Omka,RU,2021-10-30 18:18:45,55.4338,74.9426,29.03,48,100,11.23
122,Juegang,CN,2021-10-30 18:18:45,32.3174,121.1855,60.91,85,1,3.22
123,Narsaq,GL,2021-10-30 18:18:19,60.9167,-46.05,29.21,71,41,3.31
124,Chokurdakh,RU,2021-10-30 18:18:46,70.6333,147.9167,-2.76,98,100,5.79
125,Camacha,PT,2021-10-30 18:18:46,33.0833,-16.3333,69.06,85,68,15.26
126,Waipawa,NZ,2021-10-30 18:18:46,-41.4122,175.5153,57.04,80,74,14.14
127,Maragogi,BR,2021-10-30 18:18:10,-9.0122,-35.2225,81.1,61,11,7.61
128,Cabo San Lucas,MX,2021-10-30 18:18:47,22.8909,-109.9124,86.5,58,25,1.01
129,Port Elizabeth,ZA,2021-10-30 18:17:45,-33.918,25.5701,61.11,92,1,5.91
130,Kavaratti,IN,2021-10-30 18:18:48,10.5669,72.642,82.02,72,92,1.95
131,Beni,CD,2021-10-30 18:18:48,0.5,29.4667,63.61,99,86,2.33
132,Hami,CN,2021-10-30 18:18:46,42.8,93.45,51.85,39,99,3.76
133,Jiayuguan,CN,2021-10-30 18:18:49,39.8167,98.3,39.49,40,1,5.3
134,Khatanga,RU,2021-10-30 18:18:50,71.9667,102.5,-2.61,99,93,2.95
135,Abu Dhabi,AE,2021-10-30 18:18:22,24.4667,54.3667,84.31,61,0,4.61
136,Tasiilaq,GL,2021-10-30 18:18:50,65.6145,-37.6368,24.96,63,22,6.53
137,Erenhot,CN,2021-10-30 18:18:51,43.6475,111.9767,33.67,60,59,7.43
138,Cootamundra,AU,2021-10-30 18:19:06,-34.65,148.0333,33.94,81,0,3.56
139,Kalmunai,LK,2021-10-30 18:19:06,7.4167,81.8167,78.21,88,80,7.29
140,Beringovskiy,RU,2021-10-30 18:19:07,63.05,179.3167,6.58,94,98,17.78
141,Nikolskoye,RU,2021-10-30 18:19:08,59.7035,30.7861,42.4,93,85,6.96
142,Srivardhan,IN,2021-10-30 18:19:08,18.0333,73.0167,78.42,66,13,6.13
143,Abha,SA,2021-10-30 18:19:09,18.2164,42.5053,64.65,26,0,5.75
144,Iqaluit,CA,2021-10-30 18:19:10,63.7506,-68.5145,35.2,75,99,19.44
145,Ariquemes,BR,2021-10-30 18:19:10,-9.9133,-63.0408,93.96,40,79,2.51
146,Ulaangom,MN,2021-10-30 18:19:11,49.9811,92.0667,33.17,74,99,2.17
147,Nalut,LY,2021-10-30 18:19:11,30.3333,10.85,70.77,33,55,6.64
148,San Miguel,SV,2021-10-30 18:19:12,13.4833,-88.1833,87.21,59,100,2.46
149,Barrow,US,2021-10-30 18:15:05,71.2906,-156.7887,15.82,79,90,3.44
150,Victoria,HK,2021-10-30 18:18:16,22.2855,114.1577,71.94,99,80,8.79
151,Vardo,NO,2021-10-30 18:19:13,70.3705,31.1107,39.4,77,56,8.19
152,Ribeira Grande,PT,2021-10-30 18:18:11,38.5167,-28.7,71.33,90,100,20.11
153,Rulenge,TZ,2021-10-30 18:19:13,-2.7175,30.6325,68.59,69,89,2.55
154,Norman Wells,CA,2021-10-30 18:19:14,65.282,-126.8329,18.21,85,27,5.08
155,Esperance,AU,2021-10-30 18:17:06,-33.8667,121.9,56.26,71,2,15.93
156,Bengkulu,ID,2021-10-30 18:16:55,-3.8004,102.2655,76.12,92,100,4.79
157,Dzhebariki-Khaya,RU,2021-10-30 18:19:14,62.2167,135.8,-2.45,100,100,1.12
158,East London,ZA,2021-10-30 18:14:30,-33.0153,27.9116,65.8,85,29,8.5
159,Jamestown,US,2021-10-30 18:19:15,42.097,-79.2353,54.3,90,100,5.99
160,Batticaloa,LK,2021-10-30 18:19:16,7.7102,81.6924,79.21,85,79,5.44
161,Nouadhibou,MR,2021-10-30 18:19:16,20.931,-17.0347,68.25,83,3,18.37
162,Kulhudhuffushi,MV,2021-10-30 18:19:17,6.6221,73.07,80.08,82,100,7.72
163,Zhezkazgan,KZ,2021-10-30 18:19:17,47.8043,67.7144,43.32,59,100,11.77
164,Uusikaupunki,FI,2021-10-30 18:19:18,60.8004,21.4084,46.99,90,55,10.76
165,Usinsk,RU,2021-10-30 18:19:18,65.9939,57.5281,5.54,96,59,8.55
166,Neiafu,TO,2021-10-30 18:19:19,-18.65,-173.9833,75.88,73,75,8.05
167,Chanika,TZ,2021-10-30 18:19:19,-5.4167,38.0167,69.44,89,41,6.2
168,Port Blair,IN,2021-10-30 18:19:20,11.6667,92.75,80.87,80,93,1.79
169,Northam,GB,2021-10-30 18:19:20,51.0333,-4.2167,53.29,82,60,10.13
170,Srednekolymsk,RU,2021-10-30 18:15:35,67.45,153.6833,-7.96,99,100,4.34
171,Beyneu,KZ,2021-10-30 18:19:21,45.3167,55.2,51.35,63,6,2.68
172,Talara,PE,2021-10-30 18:19:22,-4.5772,-81.2719,79.56,57,0,9.22
173,Torbay,CA,2021-10-30 18:19:22,47.6666,-52.7314,52.57,52,20,6.91
174,Tombouctou,ML,2021-10-30 18:19:23,20.0,-3.0,90.52,18,41,9.6
175,San Quintin,MX,2021-10-30 18:19:23,30.4833,-115.95,69.03,70,0,8.66
176,Amapa,BR,2021-10-30 18:19:24,1.0,-52.0,83.39,66,64,1.01
177,Lata,PT,2021-10-30 18:19:25,40.1629,-8.3327,63.01,98,100,4.41
178,Fortuna,US,2021-10-30 18:18:25,40.5982,-124.1573,64.47,1,60,1.01
179,Hay River,CA,2021-10-30 18:19:25,60.8156,-115.7999,30.18,86,18,11.5
180,Langsa,ID,2021-10-30 18:19:26,4.4683,97.9683,74.28,97,97,2.24
181,Cocorit,MX,2021-10-30 18:19:26,27.5833,-109.9667,86.65,36,0,7.09
182,Lahij,YE,2021-10-30 18:19:42,13.1667,44.5833,77.72,71,49,15.26
183,Rudbar,AF,2021-10-30 18:19:42,30.15,62.6,69.19,22,5,4.03
184,Novoderevyankovskaya,RU,2021-10-30 18:19:42,46.3231,38.7472,48.54,62,0,11.88
185,Lavrentiya,RU,2021-10-30 18:18:32,65.5833,-171.0,10.62,78,55,6.13
186,Acajutla,SV,2021-10-30 18:19:43,13.5928,-89.8275,85.12,63,96,7.92
187,Sai Buri,TH,2021-10-30 18:19:44,6.7013,101.6168,77.76,84,99,3.87
188,Menongue,AO,2021-10-30 18:19:44,-14.6585,17.691,72.37,62,86,1.97
189,Ixtapa,MX,2021-10-30 18:16:39,20.7,-105.2,86.23,77,10,4.0
190,Parana,AR,2021-10-30 18:19:45,-31.732,-60.5238,95.56,28,27,5.99
191,Surt,LY,2021-10-30 18:17:40,31.2089,16.5887,72.95,65,24,12.3
192,Conceicao Do Coite,BR,2021-10-30 18:19:45,-11.5639,-39.2828,88.5,37,71,15.3
193,Naze,JP,2021-10-30 18:19:46,28.3667,129.4833,67.42,77,3,6.31
194,Alihe,CN,2021-10-30 18:19:46,50.5667,123.7167,25.97,49,0,1.34
195,Caravelas,BR,2021-10-30 18:15:34,-17.7125,-39.2481,79.74,69,76,9.73
196,Oruro,BO,2021-10-30 18:19:47,-17.9833,-67.15,65.52,16,7,6.08
197,Ahipara,NZ,2021-10-30 18:15:56,-35.1667,173.1667,62.37,97,100,12.95
198,Notre-Dame-Du-Lac,CA,2021-10-30 18:19:47,47.6136,-68.7964,41.34,58,64,6.46
199,Talnakh,RU,2021-10-30 18:17:12,69.4865,88.3972,17.1,96,100,1.74
200,Namatanai,PG,2021-10-30 18:18:46,-3.6667,152.4333,79.57,81,62,6.2
201,Codrington,AU,2021-10-30 18:19:48,-38.2667,141.9667,41.22,94,1,7.78
202,Along,IN,2021-10-30 18:19:49,28.1667,94.7667,60.21,78,2,2.1
203,Fez,MA,2021-10-30 18:19:49,34.0372,-4.9998,72.86,28,64,7.29
204,Lovington,US,2021-10-30 18:19:50,32.944,-103.3485,80.04,16,0,3.0
205,Jega,NG,2021-10-30 18:19:50,12.2175,4.3792,86.5,19,64,4.45
206,Rundu,NA,2021-10-30 18:19:51,-17.9333,19.7667,83.26,35,96,3.87
207,Havoysund,NO,2021-10-30 18:19:51,70.9963,24.6622,36.48,63,78,6.71
208,Mar Del Plata,AR,2021-10-30 18:18:14,-38.0023,-57.5575,67.28,77,22,3.83
209,Mayor Pablo Lagerenza,PY,2021-10-30 18:19:52,-19.9309,-60.7718,93.49,39,34,3.44
210,Xingtai,CN,2021-10-30 18:19:53,37.0631,114.4942,57.99,57,66,3.65
211,Lebu,CL,2021-10-30 18:16:09,-37.6167,-73.65,55.15,67,85,17.94
212,Vila Franca Do Campo,PT,2021-10-30 18:18:48,37.7167,-25.4333,71.31,93,95,16.87
213,Nampula,MZ,2021-10-30 18:19:54,-15.1165,39.2666,72.19,69,36,9.98
214,Dingle,PH,2021-10-30 18:18:04,10.9995,122.6711,75.42,92,89,8.1
215,Marystown,CA,2021-10-30 18:19:54,47.1666,-55.1483,51.28,52,0,5.08
216,Auki,SB,2021-10-30 18:19:55,-8.7676,160.7034,77.14,88,76,3.83
217,Bud,US,2021-10-30 18:19:55,39.447,-86.1758,55.67,92,100,11.3
218,Clarence Town,AU,2021-10-30 18:19:56,-32.5833,151.7833,60.98,93,100,1.25
219,Tiksi,RU,2021-10-30 18:17:13,71.6872,128.8694,-2.22,97,100,6.62
220,Mehriz,IR,2021-10-30 18:19:57,31.5917,54.4318,61.16,30,2,1.95
221,Richards Bay,ZA,2021-10-30 18:19:57,-28.783,32.0377,64.76,82,93,9.98
222,Jaisinghnagar,IN,2021-10-30 18:19:58,23.7,81.3833,61.77,59,73,1.92
223,Tual,ID,2021-10-30 18:19:58,-5.6667,132.75,83.07,72,100,5.88
224,Clyde River,CA,2021-10-30 18:17:36,70.4692,-68.5914,30.24,98,100,12.57
225,Marsh Harbour,BS,2021-10-30 18:20:14,26.5412,-77.0636,81.01,67,76,23.76
226,Pahrump,US,2021-10-30 18:20:15,36.2083,-115.9839,77.95,29,3,9.22
227,Izumo,JP,2021-10-30 18:20:16,35.3667,132.7667,59.31,81,100,3.31
228,Kodiak,US,2021-10-30 18:20:16,57.79,-152.4072,44.47,93,100,35.05
229,Pleshanovo,RU,2021-10-30 18:20:17,52.8333,53.4833,41.18,91,71,8.7
230,Katsuura,JP,2021-10-30 18:19:01,35.1333,140.3,64.04,61,48,2.01
231,Araouane,ML,2021-10-30 18:20:17,18.9048,-3.5265,91.29,18,98,8.46
232,Husavik,IS,2021-10-30 18:20:18,66.0449,-17.3389,39.11,93,100,12.57
233,Te Anau,NZ,2021-10-30 18:20:18,-45.4167,167.7167,46.72,92,76,6.96
234,Batetskiy,RU,2021-10-30 18:20:19,58.6461,30.3027,47.68,89,35,8.43
235,Wattegama,LK,2021-10-30 18:20:20,6.7989,81.4808,75.09,94,99,2.57
236,Sulina,RO,2021-10-30 18:20:20,45.1559,29.6536,53.82,75,3,7.61
237,Laguna,US,2021-10-30 18:16:59,38.421,-121.4238,71.13,79,1,1.99
238,Port Augusta,AU,2021-10-30 18:20:20,-32.5,137.7667,51.71,50,99,6.17
239,Abu Samrah,SY,2021-10-30 18:20:21,35.3029,37.1841,72.57,36,98,8.55
240,Vredendal,ZA,2021-10-30 18:20:21,-31.6683,18.5012,68.36,60,29,11.7
241,Tommot,RU,2021-10-30 18:20:21,58.9564,126.2925,10.74,90,25,2.93
242,Charters Towers,AU,2021-10-30 18:20:22,-20.1,146.2667,71.62,87,5,6.29
243,Melfort,CA,2021-10-30 18:20:22,52.8667,-104.6177,38.16,56,10,14.97
244,Waupun,US,2021-10-30 18:20:23,43.6333,-88.7296,58.98,61,16,8.03
245,Kasongo,CD,2021-10-30 18:20:23,-4.45,26.6667,70.9,94,79,3.27
246,Inhambane,MZ,2021-10-30 18:20:24,-23.865,35.3833,72.07,70,10,14.43
247,Vuktyl,RU,2021-10-30 18:20:25,63.8567,57.3094,12.67,98,76,1.32
248,Thunder Bay,CA,2021-10-30 18:16:15,48.4001,-89.3168,50.29,89,90,3.44
249,Rawson,AR,2021-10-30 18:20:25,-43.3002,-65.1023,54.37,61,6,31.65
250,Hanyang,CN,2021-10-30 18:20:25,32.1371,105.5126,56.12,81,100,3.87
251,Ginda,IN,2021-10-30 18:20:26,30.6945,78.4932,49.51,43,0,6.13
252,Altay,CN,2021-10-30 18:20:26,47.8667,88.1167,37.11,66,86,5.91
253,Bandarbeyla,SO,2021-10-30 18:20:27,9.4942,50.8122,79.3,76,22,11.97
254,Kolokani,ML,2021-10-30 18:20:28,13.5728,-8.0339,88.93,28,92,2.53
255,Oktyabrskoye,RU,2021-10-30 18:20:28,43.0645,44.7417,39.34,93,75,6.71
256,Lalmohan,BD,2021-10-30 18:20:29,22.3384,90.7419,77.11,71,50,10.6
257,Ulladulla,AU,2021-10-30 18:18:59,-35.35,150.4667,49.08,74,54,4.21
258,Tumut,AU,2021-10-30 18:20:30,-35.3,148.2167,38.66,88,0,3.11
259,Los Llanos De Aridane,ES,2021-10-30 18:20:02,28.6585,-17.9182,69.55,64,40,3.44
260,Kisangani,CD,2021-10-30 18:20:30,0.5167,25.2,72.39,93,66,1.48
261,Gawan,IN,2021-10-30 18:20:31,28.4333,78.35,69.17,40,0,6.91
262,Constitucion,CL,2021-10-30 18:20:31,-35.3333,-72.4167,65.3,61,100,15.48
263,Rupert,US,2021-10-30 18:20:32,42.6191,-113.6772,47.66,66,99,4.25
264,Karratha,AU,2021-10-30 18:20:32,-20.7377,116.8463,73.17,68,0,8.28
265,Verkhoyansk,RU,2021-10-30 18:20:32,67.5447,133.385,-12.78,100,50,2.75
266,Plymouth,US,2021-10-30 18:18:48,41.8334,-70.8328,62.76,93,90,12.66
267,Anloga,GH,2021-10-30 18:20:33,5.7947,0.8973,82.08,77,55,12.95
268,Klaksvik,FO,2021-10-30 18:20:33,62.2266,-6.589,46.45,93,100,19.71
269,Rio Gallegos,AR,2021-10-30 18:20:34,-51.6226,-69.2181,62.65,17,0,16.11
270,La Ronge,CA,2021-10-30 18:20:35,55.1001,-105.2842,35.82,87,90,14.97
271,Lewistown,US,2021-10-30 18:17:04,40.5992,-77.5714,57.78,95,90,0.0
272,Coacoatzintla,MX,2021-10-30 18:20:35,19.6333,-96.9333,67.08,76,39,4.14
273,Aklavik,CA,2021-10-30 18:16:35,68.2191,-135.0107,12.92,91,44,6.98
274,Santa Margherita Ligure,IT,2021-10-30 18:20:51,44.3346,9.212,61.99,87,100,5.3
275,Bonavista,CA,2021-10-30 18:20:52,48.6499,-53.1147,51.8,67,40,7.14
276,Barcelona,ES,2021-10-30 18:17:03,41.3888,2.159,67.69,88,100,2.66
277,Poum,NC,2021-10-30 18:20:52,-20.2333,164.0167,75.0,74,11,4.23
278,Adwa,ET,2021-10-30 18:20:53,14.1646,38.8955,64.67,30,3,17.25
279,Puerto Ayacucho,VE,2021-10-30 18:20:53,5.6639,-67.6236,86.11,67,85,2.89
280,Pierre,US,2021-10-30 18:20:54,44.3683,-100.351,54.05,67,33,3.0
281,Chapleau,CA,2021-10-30 18:20:55,47.8405,-83.4034,53.69,47,20,6.91
282,Kurikka,FI,2021-10-30 18:20:55,62.6167,22.4167,48.22,90,69,8.68
283,Rangapara,IN,2021-10-30 18:20:56,26.8167,92.65,66.18,73,2,3.65
284,Chodziez,PL,2021-10-30 18:20:56,52.995,16.9198,56.57,52,44,13.18
285,Hofn,IS,2021-10-30 18:17:50,64.2539,-15.2082,42.17,90,100,9.42
286,Vanavara,RU,2021-10-30 18:20:57,60.34,102.2797,30.65,92,100,13.65
287,Zhigansk,RU,2021-10-30 18:17:10,66.7697,123.3711,-3.73,98,90,13.56
288,Eenhana,NA,2021-10-30 18:20:58,-17.4667,16.3333,83.52,26,65,8.37
289,Sitka,US,2021-10-30 18:20:12,57.0531,-135.33,46.29,66,75,12.66
290,Nelson Bay,AU,2021-10-30 18:20:54,-32.7167,152.15,61.11,75,100,1.99
291,Kastamonu,TR,2021-10-30 18:20:59,41.5,33.6667,42.35,78,0,2.66
292,Lastoursville,GA,2021-10-30 18:20:59,-0.8143,12.7287,73.69,95,94,0.25
293,Makakilo City,US,2021-10-30 18:18:18,21.3469,-158.0858,78.62,75,1,0.0
294,Berlevag,NO,2021-10-30 18:21:00,70.8578,29.0864,38.89,74,82,4.25
295,Port Macquarie,AU,2021-10-30 18:19:25,-31.4333,152.9167,57.09,94,90,6.91
296,Casper,US,2021-10-30 18:18:09,42.8666,-106.3131,40.01,79,78,9.17
297,Bilma,NE,2021-10-30 18:21:01,18.6853,12.9164,86.16,17,17,10.71
298,Bratsk,RU,2021-10-30 18:21:01,56.1325,101.6142,36.5,80,100,8.3
299,Vestmannaeyjar,IS,2021-10-30 18:19:32,63.4427,-20.2734,45.16,77,91,3.94
300,Camopi,GF,2021-10-30 18:21:02,3.1655,-52.3158,89.13,53,36,5.17
301,Provideniya,RU,2021-10-30 18:21:03,64.3833,-173.3,12.63,85,99,11.3
302,Saint-Joseph,RE,2021-10-30 18:19:30,-21.3667,55.6167,70.18,79,63,2.8
303,Mogwase,ZA,2021-10-30 18:21:03,-25.185,27.2665,75.0,15,1,7.14
304,Ponta Do Sol,PT,2021-10-30 18:17:49,32.6667,-17.1,73.13,71,69,8.41
305,Tocopilla,CL,2021-10-30 18:21:04,-22.092,-70.1979,70.74,59,14,7.27
306,Sochi,RU,2021-10-30 18:21:04,43.6,39.7303,56.62,68,0,6.02
307,Raichur,IN,2021-10-30 18:21:05,16.2,77.3667,78.42,70,92,6.67
308,Avallon,FR,2021-10-30 18:17:58,47.4833,3.9,55.83,95,96,7.67
309,Tonaya,MX,2021-10-30 18:21:06,19.7833,-103.9667,81.07,57,16,1.63
310,Touros,BR,2021-10-30 18:21:06,-5.1989,-35.4608,86.9,64,42,18.7
311,Cockburn Town,TC,2021-10-30 18:21:06,21.4612,-71.1419,84.16,65,40,9.22
312,Kukuna,SL,2021-10-30 18:21:07,9.4,-12.6667,77.38,89,100,2.46
313,Chillicothe,US,2021-10-30 18:18:31,39.3331,-82.9824,60.93,92,98,2.8
314,Mount Isa,AU,2021-10-30 18:18:15,-20.7333,139.5,74.97,22,98,12.66
315,Lagoa,PT,2021-10-30 18:21:08,39.05,-27.9833,70.16,90,100,23.76
316,Celestun,MX,2021-10-30 18:21:08,20.8667,-90.4,79.9,51,26,10.36
317,Zyryanka,RU,2021-10-30 18:21:09,65.75,150.85,1.62,95,100,9.73
318,Atherton,GB,2021-10-30 18:21:24,53.5237,-2.4935,50.72,82,8,1.99
319,Korla,CN,2021-10-30 18:21:25,41.7597,86.1469,52.45,28,96,5.17
320,Rivne,UA,2021-10-30 18:21:25,50.6231,26.2274,48.83,61,38,13.91
321,Debrecen,HU,2021-10-30 18:20:31,47.5333,21.6333,48.11,71,5,2.3
322,Lasa,IT,2021-10-30 18:21:26,46.6166,10.7002,44.37,76,100,3.74
323,Huarmey,PE,2021-10-30 18:19:55,-10.0681,-78.1522,68.58,74,78,8.72
324,Miastko,PL,2021-10-30 18:21:26,54.0028,16.9826,52.86,57,59,14.07
325,Kieta,PG,2021-10-30 18:21:27,-6.2167,155.6333,78.4,86,81,4.47
326,Ukiah,US,2021-10-30 18:21:27,39.1502,-123.2078,64.44,83,75,9.22
327,Ust-Tsilma,RU,2021-10-30 18:21:28,65.441,52.1498,22.75,96,100,4.03
328,Chignahuapan,MX,2021-10-30 18:21:28,19.8333,-98.0333,67.41,38,77,5.21
329,Lucapa,AO,2021-10-30 18:21:29,-8.4192,20.7447,72.61,74,88,2.64
330,Palu,ID,2021-10-30 18:21:29,-0.8917,119.8707,74.62,96,97,2.15
331,Kavieng,PG,2021-10-30 18:18:08,-2.5744,150.7967,82.35,78,63,11.12
332,Cayenne,GF,2021-10-30 18:21:30,4.9333,-52.3333,87.84,66,75,12.66
333,Salalah,OM,2021-10-30 18:21:30,17.0151,54.0924,82.49,69,0,10.36
334,Duque De Caxias,BR,2021-10-30 18:21:31,-22.7856,-43.3117,75.85,80,87,7.61
335,Tuatapere,NZ,2021-10-30 18:18:33,-46.1333,167.6833,48.27,84,53,8.25
336,Arraial Do Cabo,BR,2021-10-30 18:21:31,-22.9661,-42.0278,73.36,83,75,11.5
337,Sorong,ID,2021-10-30 18:21:32,-0.8833,131.25,78.3,86,73,4.68
338,Hambantota,LK,2021-10-30 18:21:32,6.1241,81.1185,79.0,84,96,2.84
339,Vao,NC,2021-10-30 18:18:10,-22.6667,167.4833,70.83,73,20,4.83
340,Iranduba,BR,2021-10-30 18:21:32,-3.2847,-60.1861,89.92,38,75,4.09
341,Natal,BR,2021-10-30 18:21:33,-5.795,-35.2094,86.65,62,20,20.71
342,Guiratinga,BR,2021-10-30 18:21:33,-16.3494,-53.7583,93.81,33,94,5.32
343,Rondonopolis,BR,2021-10-30 18:21:33,-16.4708,-54.6356,98.78,29,80,4.18
344,Sur,OM,2021-10-30 18:21:34,22.5667,59.5289,81.48,58,18,9.51
345,Thinadhoo,MV,2021-10-30 18:21:34,0.5333,72.9333,83.16,76,43,14.54
346,Luz,BR,2021-10-30 18:21:34,-19.8014,-45.6856,82.92,50,62,2.82
347,Trairi,BR,2021-10-30 18:20:03,-3.2778,-39.2689,85.69,59,60,11.48
348,Imeni Poliny Osipenko,RU,2021-10-30 18:21:35,52.4201,136.4853,24.73,84,20,4.63
349,Margate,GB,2021-10-30 18:19:44,51.3813,1.3862,54.03,84,95,16.44
350,Taoudenni,ML,2021-10-30 18:21:35,22.6783,-3.9836,88.88,23,68,2.51
351,Todos Santos,MX,2021-10-30 18:21:36,23.45,-110.2167,88.11,68,17,6.89
352,Birkeland,NO,2021-10-30 18:21:36,58.3309,8.2323,52.77,95,100,18.23
353,Mogadouro,PT,2021-10-30 18:21:36,41.3403,-6.7119,58.57,75,95,6.6
354,Cusuna,HN,2021-10-30 18:21:37,15.85,-85.2333,80.01,78,70,11.92
355,High Rock,BS,2021-10-30 18:21:37,26.6208,-78.2833,79.25,66,16,23.47
356,Quthing,LS,2021-10-30 18:21:37,-30.4,27.7003,57.54,50,0,6.71
357,Upata,VE,2021-10-30 18:21:38,8.0086,-62.3989,79.03,84,78,4.16
358,Ayan,RU,2021-10-30 18:21:38,56.45,138.1667,22.78,51,1,17.36
359,Quimper,FR,2021-10-30 18:21:38,48.0,-4.1,55.6,81,100,7.49
360,Rehoboth,NA,2021-10-30 18:21:39,-23.3167,17.0833,75.58,10,0,12.5
361,Port Lincoln,AU,2021-10-30 18:19:40,-34.7333,135.8667,52.27,70,1,7.18
362,Tura,IN,2021-10-30 18:17:55,25.5198,90.2201,64.92,68,2,2.48
363,Luderitz,NA,2021-10-30 18:17:20,-26.6481,15.1594,61.0,86,0,6.38
364,Iberia,US,2021-10-30 18:21:55,29.9502,-91.7507,68.99,52,1,11.5
365,Honjo,JP,2021-10-30 18:21:55,36.2333,139.1833,55.06,53,87,4.27
366,Olafsvik,IS,2021-10-30 18:21:55,64.8945,-23.7142,42.91,87,46,16.24
367,Buta,CD,2021-10-30 18:21:55,2.7858,24.73,70.95,91,81,1.63
368,Adrar,MR,2021-10-30 18:19:57,20.5022,-10.0711,86.29,12,100,8.5
369,Flin Flon,CA,2021-10-30 18:19:33,54.7682,-101.865,39.04,60,90,9.22
370,Mungwi,ZM,2021-10-30 18:21:56,-10.1732,31.3694,77.58,27,55,0.45
371,Hanna,CA,2021-10-30 18:21:56,51.6334,-111.9018,34.86,49,6,13.0
372,Aguascalientes,MX,2021-10-30 18:18:30,21.8833,-102.3,73.53,28,0,2.51
373,Leningradskiy,RU,2021-10-30 18:21:57,69.3833,178.4167,-2.24,96,100,5.77
374,Parli,IN,2021-10-30 18:21:57,18.8486,76.5297,69.94,71,14,4.81
375,Ambon,ID,2021-10-30 18:17:51,-3.6954,128.1814,81.34,74,100,1.3
376,Asau,RO,2021-10-30 18:21:58,46.4333,26.4,46.76,89,0,1.3
377,Ust-Karsk,RU,2021-10-30 18:21:58,52.7011,118.8077,23.18,57,17,3.31
378,Doha,QA,2021-10-30 18:19:03,25.2867,51.5333,82.71,62,6,7.81
379,Ancud,CL,2021-10-30 18:21:59,-41.8697,-73.8203,60.33,46,0,2.84
380,Pearl,US,2021-10-30 18:21:59,32.2746,-90.132,58.89,69,90,11.5
381,Broome,US,2021-10-30 18:21:59,42.2506,-75.833,57.02,79,100,3.0
382,Jining,CN,2021-10-30 18:21:59,35.405,116.5814,58.66,62,17,4.32
383,Havelock,US,2021-10-30 18:22:00,34.8791,-76.9013,68.05,62,61,8.01
384,Charlestown,AU,2021-10-30 18:22:00,-32.95,151.6667,57.81,95,99,5.77
385,Trowbridge,GB,2021-10-30 18:22:01,51.3189,-2.2086,51.4,88,66,7.18
386,Valdivia,CL,2021-10-30 18:20:42,-39.8142,-73.2459,69.89,36,29,6.02
387,Poli,TZ,2021-10-30 18:22:01,-3.3333,36.8,65.98,69,87,1.77
388,Uige,AO,2021-10-30 18:22:02,-7.6087,15.0613,69.55,94,91,1.3
389,Invermere,CA,2021-10-30 18:22:02,50.5167,-116.0354,37.22,54,11,3.89
390,Iquique,CL,2021-10-30 18:17:40,-20.2208,-70.1431,64.44,67,12,7.18
391,Cairns,AU,2021-10-30 18:20:35,-16.9167,145.7667,71.11,97,73,4.83
392,Ucluelet,CA,2021-10-30 18:19:33,48.9329,-125.5528,49.57,54,63,4.81
393,Guipavas,FR,2021-10-30 18:22:03,48.4352,-4.3972,52.07,76,99,12.28
394,Benjamin Constant,BR,2021-10-30 18:22:03,-4.3831,-70.0311,77.05,88,75,2.3
395,Kyshtovka,RU,2021-10-30 18:22:04,56.555,76.6271,27.28,52,100,10.78
396,Kano,NG,2021-10-30 18:22:04,12.0001,8.5167,78.69,47,49,0.0
397,Ishigaki,JP,2021-10-30 18:22:04,24.3448,124.1572,76.03,76,40,14.32
398,Necochea,AR,2021-10-30 18:22:05,-38.5473,-58.7368,61.03,69,76,23.53
399,Olmos,PE,2021-10-30 18:22:05,-5.9847,-79.7453,88.29,38,21,6.46
400,Mogadishu,SO,2021-10-30 18:20:51,2.0371,45.3438,79.45,79,7,12.21
401,Mega,ET,2021-10-30 18:22:06,4.05,38.3,63.88,66,61,10.92
402,Brae,GB,2021-10-30 18:20:20,60.3964,-1.353,49.96,87,100,17.94
403,Impfondo,CG,2021-10-30 18:22:06,1.6381,18.0667,78.4,72,93,1.68
404,Ketchikan,US,2021-10-30 18:22:07,55.3422,-131.6461,41.25,94,100,3.33
405,Haines Junction,CA,2021-10-30 18:21:53,60.7522,-137.5108,31.64,82,100,5.99
406,Kurmanayevka,RU,2021-10-30 18:22:07,52.5093,52.0675,41.85,91,49,9.6
407,Half Moon Bay,US,2021-10-30 18:22:07,37.4636,-122.4286,66.45,90,75,5.75
408,Coquimbo,CL,2021-10-30 18:17:40,-29.9533,-71.3436,62.33,72,20,16.11
409,Mabaruma,GY,2021-10-30 18:22:08,8.2,-59.7833,85.91,61,45,6.13
410,Ankazobe,MG,2021-10-30 18:22:08,-18.3167,47.1167,66.65,62,38,4.99
411,Pisco,PE,2021-10-30 18:21:06,-13.7,-76.2167,69.51,66,28,8.99
412,Ryotsu,JP,2021-10-30 18:22:24,38.0833,138.4333,58.93,71,100,4.88
413,Berdigestyakh,RU,2021-10-30 18:22:24,62.0989,126.6992,0.59,99,58,3.76
414,Saint Anthony,US,2021-10-30 18:22:24,45.0205,-93.218,56.25,70,8,1.01
415,Santa Rosalia,MX,2021-10-30 18:22:25,27.3167,-112.2833,81.45,28,0,4.54
416,Dhidhdhoo,MV,2021-10-30 18:17:57,6.8833,73.1,80.06,82,100,5.66
417,Itarema,BR,2021-10-30 18:20:15,-2.9248,-39.9167,86.27,59,67,14.07
418,Iquitos,PE,2021-10-30 18:22:26,-3.7481,-73.2472,92.75,45,81,2.15
419,Mossendjo,CG,2021-10-30 18:22:26,-2.9506,12.7261,71.49,96,100,2.51
420,Steamboat Springs,US,2021-10-30 18:22:26,40.485,-106.8317,53.53,53,1,0.0
421,Baherden,TM,2021-10-30 18:18:06,38.4362,57.4316,58.37,41,99,2.1
422,Marrakesh,MA,2021-10-30 18:22:27,31.6315,-8.0083,75.72,26,6,11.52
423,Samarinda,ID,2021-10-30 18:22:27,-0.5,117.15,73.44,98,99,1.88
424,Buraydah,SA,2021-10-30 18:22:28,26.326,43.975,78.69,24,0,10.0
425,Tinqueux,FR,2021-10-30 18:22:28,49.25,3.9833,57.43,93,100,10.85
426,Gao,ML,2021-10-30 18:22:28,16.6362,1.637,90.63,11,75,6.53
427,Fort Morgan,US,2021-10-30 18:19:05,40.2503,-103.8,62.02,29,0,15.84
428,Panalingaan,PH,2021-10-30 18:22:29,8.7842,117.4231,79.11,85,37,1.5
429,Quelimane,MZ,2021-10-30 18:22:29,-17.8786,36.8883,73.09,69,0,7.47
430,Bairiki,KI,2021-10-30 18:22:29,1.3292,172.9752,81.68,73,74,9.98
431,Yar-Sale,RU,2021-10-30 18:18:08,66.8333,70.8333,12.31,88,100,19.26
432,San Cristobal,VE,2021-10-30 18:22:30,7.7669,-72.225,77.18,87,98,3.58
433,Portland,US,2021-10-30 18:19:45,45.5234,-122.6762,59.59,46,1,5.99
434,Gigmoto,PH,2021-10-30 18:22:30,13.7796,124.39,80.78,70,95,12.95
435,Toowoomba,AU,2021-10-30 18:22:31,-27.55,151.9667,58.82,66,46,4.5
436,Dauphin,CA,2021-10-30 18:22:31,51.1494,-100.0502,39.0,83,25,9.78
437,Pevek,RU,2021-10-30 18:20:42,69.7008,170.3133,-0.15,96,100,9.06
438,Opuwo,NA,2021-10-30 18:22:31,-18.0607,13.84,80.13,20,56,14.67
439,Tavrichanka,RU,2021-10-30 18:22:32,43.3378,131.8639,46.8,88,68,5.84
440,Roma,US,2021-10-30 18:21:21,43.2128,-75.4557,56.66,83,89,3.0
441,Youkounkoun,GN,2021-10-30 18:22:32,12.5333,-13.1333,77.0,82,100,5.61
442,Banda Aceh,ID,2021-10-30 18:22:33,5.5577,95.3222,78.78,81,99,3.53
443,Springbok,ZA,2021-10-30 18:22:33,-29.6643,17.8865,70.25,31,8,2.55
444,Zhanakorgan,KZ,2021-10-30 18:22:33,43.9098,67.2495,47.68,46,100,6.06
445,Sarkand,KZ,2021-10-30 18:22:34,45.41,79.9186,43.16,66,95,2.66
446,Tahoua,NE,2021-10-30 18:22:34,14.8888,5.2692,90.79,11,64,9.48
447,Aviles,ES,2021-10-30 18:22:34,43.5547,-5.9248,60.17,83,96,4.0
448,Georgetown,MY,2021-10-30 18:22:35,5.4112,100.3354,77.9,93,100,6.58
449,Tahe,CN,2021-10-30 18:22:35,52.3333,124.7333,21.81,49,1,2.66
450,Naples,IT,2021-10-30 18:20:57,40.8333,14.25,63.77,73,78,1.01
451,Asosa,ET,2021-10-30 18:22:36,10.0667,34.5333,59.23,85,79,6.55
452,Kalianget,ID,2021-10-30 18:22:36,-7.05,113.9333,82.4,76,100,4.12
453,Dawlatabad,AF,2021-10-30 18:22:36,36.4141,64.9053,57.04,38,52,3.76
454,Maceio,BR,2021-10-30 18:22:37,-9.6658,-35.7353,81.03,63,10,8.43
455,Mirabad,AF,2021-10-30 18:22:37,30.4362,61.8383,71.49,21,9,6.53
456,Chuy,UY,2021-10-30 18:22:52,-33.6971,-53.4616,71.22,74,99,14.09
457,Luanda,AO,2021-10-30 18:22:53,-8.8368,13.2343,76.87,81,84,14.34
458,Kandi,BJ,2021-10-30 18:22:53,11.1342,2.9386,84.96,24,50,5.59
459,Yumen,CN,2021-10-30 18:17:57,40.2833,97.2,40.15,40,19,7.11
460,Gat,IL,2021-10-30 18:22:54,31.61,34.7642,73.4,63,38,5.23
461,Batagay,RU,2021-10-30 18:22:54,67.6333,134.6333,-4.29,100,94,3.11
462,Baraya,CO,2021-10-30 18:22:54,3.1533,-75.0531,81.99,70,92,2.53
463,Kimbe,PG,2021-10-30 18:19:33,-5.5502,150.1429,75.74,92,52,3.94
464,Jutiapa,GT,2021-10-30 18:22:55,14.2833,-89.9,70.29,64,98,5.99
465,Winnemucca,US,2021-10-30 18:22:55,40.973,-117.7357,61.25,39,92,3.33
466,Novoagansk,RU,2021-10-30 18:21:19,61.9449,76.6625,14.81,95,88,10.56
467,Abu Zabad,SD,2021-10-30 18:22:56,12.35,29.25,90.16,23,81,5.75
468,Awjilah,LY,2021-10-30 18:22:56,29.1081,21.2869,73.22,33,2,7.58
469,Astrea,CO,2021-10-30 18:22:56,9.4983,-73.9759,84.31,68,100,3.98
470,Bambui,BR,2021-10-30 18:22:57,-20.0064,-45.9769,81.3,55,74,6.6
471,Kaeo,NZ,2021-10-30 18:22:57,-35.1,173.7833,62.49,96,100,13.15
472,Pechora,RU,2021-10-30 18:20:09,65.1472,57.2244,11.37,94,35,2.82
473,Lagunillas,VE,2021-10-30 18:22:58,10.1301,-71.2595,83.05,73,97,6.76
474,Bathsheba,BB,2021-10-30 18:22:31,13.2167,-59.5167,83.16,62,48,11.99
475,Volgo-Kaspiyskiy,RU,2021-10-30 18:22:58,46.2031,47.9187,47.5,68,0,4.18
476,Dakar,SN,2021-10-30 18:22:59,14.6937,-17.4441,83.28,83,40,4.61
477,Ghanzi,BW,2021-10-30 18:22:59,-21.5667,21.7833,84.13,15,19,8.61
478,Ballina,AU,2021-10-30 18:23:00,-28.8667,153.5667,65.79,99,94,9.22
479,Sao Filipe,CV,2021-10-30 18:23:00,14.8961,-24.4956,79.86,75,94,10.83
480,Shebunino,RU,2021-10-30 18:23:00,46.4339,141.8603,50.54,85,94,8.68
481,Shushary,RU,2021-10-30 18:23:01,59.8092,30.3817,45.99,88,90,4.47
482,Thompson,CA,2021-10-30 18:19:31,55.7435,-97.8558,37.09,71,38,8.68
483,Sorland,NO,2021-10-30 18:23:01,67.667,12.6934,49.23,90,100,20.45
484,Euclides Da Cunha,BR,2021-10-30 18:23:02,-10.5075,-39.0158,91.35,24,3,7.99
485,Lodwar,KE,2021-10-30 18:23:02,3.1191,35.5973,88.83,35,86,14.79
486,Severo-Kurilsk,RU,2021-10-30 18:23:02,50.6789,156.125,39.42,81,6,11.61
487,Bushehr,IR,2021-10-30 18:23:03,28.9684,50.8385,80.69,74,0,4.61
488,Kharan,PK,2021-10-30 18:23:03,28.5833,65.4167,70.29,18,0,7.78
489,Alcantara,BR,2021-10-30 18:23:03,-2.4089,-44.4147,85.33,61,26,9.84
490,Matara,LK,2021-10-30 18:23:04,5.9485,80.5353,76.91,91,90,2.53
491,Atikokan,CA,2021-10-30 18:23:04,48.7555,-91.6216,49.62,61,100,9.08
492,Portree,GB,2021-10-30 18:23:04,57.4129,-6.1942,42.53,95,45,7.14
493,Atbasar,KZ,2021-10-30 18:23:05,51.8,68.3333,39.38,69,100,21.81
494,Arak,IR,2021-10-30 18:23:05,34.0917,49.6892,56.71,52,93,5.28
495,Deniliquin,AU,2021-10-30 18:23:05,-35.5333,144.9667,41.7,87,1,4.61
496,Marsa Matruh,EG,2021-10-30 18:20:29,31.3525,27.2453,71.71,73,63,10.87
497,Copiapo,CL,2021-10-30 18:23:06,-27.3667,-70.3333,84.49,22,0,8.9
498,Wangaratta,AU,2021-10-30 18:23:06,-36.3667,146.3333,43.25,93,0,5.75
499,Morondava,MG,2021-10-30 18:23:07,-20.2833,44.2833,75.67,73,24,11.7
500,Parati,BR,2021-10-30 18:23:22,-23.2178,-44.7131,70.88,97,100,5.35
501,Alofi,NU,2021-10-30 18:23:22,-19.0595,-169.9187,76.64,72,100,15.01
502,Sijunjung,ID,2021-10-30 18:23:23,-0.6876,100.9537,73.22,98,100,2.04
503,Sarh,TD,2021-10-30 18:23:23,9.1429,18.3923,84.11,79,20,0.0
504,Janakkala,FI,2021-10-30 18:23:24,60.9,24.6,46.65,94,66,6.4
505,Jutai,BR,2021-10-30 18:23:24,-5.1833,-68.9,86.32,64,64,1.5
506,Ouesso,CG,2021-10-30 18:23:24,1.6136,16.0517,78.37,72,100,2.15
507,Koupela,BF,2021-10-30 18:23:25,12.1794,-0.3517,91.49,23,15,6.53
508,Barra Do Garcas,BR,2021-10-30 18:19:25,-15.89,-52.2567,88.38,58,75,6.91
509,Santa Fe,AR,2021-10-30 18:19:14,-31.6333,-60.7,96.01,27,21,4.0
510,Normandin,CA,2021-10-30 18:23:25,48.8333,-72.5321,48.72,57,92,5.28
511,Rivers,CA,2021-10-30 18:23:26,50.0308,-100.2403,43.75,45,43,16.04
512,Creel,MX,2021-10-30 18:23:26,27.75,-107.6333,65.07,24,0,10.38
513,Meulaboh,ID,2021-10-30 18:23:27,4.1363,96.1285,75.63,90,93,4.47
514,Gomez Plata,CO,2021-10-30 18:23:27,6.6818,-75.2191,63.01,93,65,2.28
515,Labuhan,ID,2021-10-30 18:23:27,-6.8844,112.2051,81.07,79,99,1.92
516,Kirakira,SB,2021-10-30 18:23:28,-10.4544,161.9205,80.85,80,97,9.73
517,Nuuk,GL,2021-10-30 18:20:42,64.1835,-51.7216,38.01,75,75,31.07
518,Aripuana,BR,2021-10-30 18:23:28,-9.1667,-60.6333,93.43,41,42,2.46
519,Ocos,GT,2021-10-30 18:23:28,14.5094,-92.1933,88.3,73,85,3.58
520,Tazovskiy,RU,2021-10-30 18:23:29,67.4667,78.7,11.14,94,100,14.43
521,Bukachacha,RU,2021-10-30 18:23:29,52.9833,116.9167,20.35,48,38,1.74
522,Ivanivka,UA,2021-10-30 18:23:29,46.7208,34.553,45.77,70,0,9.62
523,Honiara,SB,2021-10-30 18:20:30,-9.4333,159.95,77.52,87,63,5.75
524,Asgabat,TM,2021-10-30 18:23:30,37.95,58.3833,60.75,39,98,4.32
525,Sampit,ID,2021-10-30 18:22:49,-2.5333,112.95,73.81,93,100,1.74
526,Keti Bandar,PK,2021-10-30 18:23:30,24.1447,67.4497,81.43,46,28,6.98
527,Valparaiso,CL,2021-10-30 18:23:31,-33.0393,-71.6273,63.52,72,20,19.57
528,Chichawatni,PK,2021-10-30 18:23:31,30.5333,72.7,71.46,23,0,3.85
529,Muravlenko,RU,2021-10-30 18:19:15,63.7898,74.523,7.99,94,99,15.43
530,Wuxue,CN,2021-10-30 18:23:32,29.8506,115.5525,60.66,62,31,2.24
531,Santa Isabel,BR,2021-10-30 18:23:32,-23.3156,-46.2214,78.1,67,91,5.46
532,Soc Trang,VN,2021-10-30 18:19:06,9.6033,105.98,78.03,90,57,7.56
533,Nara,JP,2021-10-30 18:23:32,34.6851,135.8049,62.98,67,93,2.75
534,Biak,ID,2021-10-30 18:23:33,-0.9131,122.8766,76.03,86,94,3.11
535,Escanaba,US,2021-10-30 18:23:33,45.7453,-87.0646,59.25,58,0,1.01
536,Pangnirtung,CA,2021-10-30 18:20:37,66.1451,-65.7125,33.94,99,100,10.83
537,Brownwood,US,2021-10-30 18:23:33,31.7093,-98.9912,78.8,25,1,6.91
538,Norfolk,US,2021-10-30 18:22:41,42.1668,-71.2495,62.46,96,100,5.88
539,Petropavlovsk-Kamchatskiy,RU,2021-10-30 18:23:34,53.0452,158.6483,27.19,80,40,6.71
540,Howard Springs,AU,2021-10-30 18:23:34,-12.497,131.047,82.31,95,89,2.26
541,Wanlaweyn,SO,2021-10-30 18:23:35,2.6185,44.8938,80.19,69,27,12.64
542,Kokopo,PG,2021-10-30 18:23:35,-4.352,152.2633,77.7,84,28,7.85
543,Champerico,GT,2021-10-30 18:23:35,14.3,-91.9167,88.34,71,98,3.91
